{
  "accuracy": 0.8745,
  "precision_weighted": 0.8751554817972156,
  "recall_weighted": 0.8745,
  "f1_weighted": 0.8743469445571168
}