{
  "accuracy": 0.8442671394799054,
  "precision_weighted": 0.8468988555694331,
  "recall_weighted": 0.8442671394799054,
  "f1_weighted": 0.8433789456479475
}